slug	tier	provenance-verified	public-record	override	verified/total-refs	catalog-kind	name
ted-bundy	verified	no	no	override	5/5	curated	Ted Bundy
dennis-rader-btk	verified	no	no	override	3/3	curated	Dennis Rader (BTK)
ted-kaczynski	verified	no	no	override	3/3	curated	Ted Kaczynski
zodiac-killer	verified	no	no	override	3/3	curated	Zodiac Killer
richard-ramirez	verified	yes	yes	override	2/2	curated	Richard Ramirez
edmund-kemper	verified	yes	yes	override	2/2	curated	Edmund Kemper
golden-state-killer	verified	yes	yes	override	3/3	curated	Joseph DeAngelo (Golden State Killer)
timothy-mcveigh	verified	yes	yes	override	3/3	curated	Timothy McVeigh
robert-pickton	verified	yes	yes	override	2/2	curated	Robert Pickton
jack-the-ripper	verified	yes	yes	override	3/3	curated	Jack the Ripper
ian-brady-myra-hindley	verified	yes	yes	override	2/2	curated	Ian Brady & Myra Hindley
aileen-wuornos	verified	no	no	override	3/3	curated	Aileen Wuornos
charles-manson	verified	no	no	override	2/2	curated	Charles Manson
harold-shipman	verified	no	no	override	2/2	curated	Harold Shipman
john-wayne-gacy	verified	yes	yes	override	3/3	curated	John Wayne Gacy
jeffrey-dahmer	verified	yes	yes	override	3/3	curated	Jeffrey Dahmer
gary-ridgway	verified	yes	yes	override	2/2	curated	Gary Ridgway
david-berkowitz	verified	yes	yes	override	2/2	curated	David Berkowitz
samuel-little	verified	yes	yes	override	2/2	curated	Samuel Little
dean-corll	curated	no	no	-	3/7	curated	Dean Corll
richard-chase	curated	no	no	-	3/7	curated	Richard Chase
albert-fish	curated	no	no	-	3/8	curated	Albert Fish
hh-holmes	curated	no	no	-	3/8	curated	H.H. Holmes
wayne-williams	curated	no	no	-	3/7	curated	Wayne Williams
dorothea-puente	curated	no	no	-	3/7	curated	Dorothea Puente
paul-bernardo	curated	no	no	-	3/7	curated	Paul Bernardo & Karla Homolka
clifford-olson	curated	no	no	-	3/7	curated	Clifford Olson
ivan-milat	curated	no	no	-	3/7	curated	Ivan Milat
martin-bryant	curated	no	no	-	2/6	curated	Martin Bryant
fred-west	curated	no	no	-	3/7	curated	Fred & Rose West
peter-sutcliffe	curated	no	no	-	3/7	curated	Peter Sutcliffe
dennis-nilsen	verified	yes	yes	override	2/2	curated	Dennis Nilsen
john-christie	curated	no	no	-	3/8	curated	John Christie
marc-dutroux	curated	no	no	-	3/7	curated	Marc Dutroux
michel-fourniret	curated	no	no	-	3/7	curated	Michel Fourniret & Monique Olivier
guy-georges	curated	no	no	-	3/7	curated	Guy Georges
fritz-haarmann	curated	no	no	-	3/8	curated	Fritz Haarmann
beate-zschaepe	curated	no	no	-	2/5	curated	NSU Complex (Zschäpe et al.)
jack-unterweger	curated	no	no	-	3/7	curated	Jack Unterweger
monster-of-florence	curated	no	no	-	3/7	curated	Monster of Florence
willem-van-eijk	curated	no	no	-	3/7	curated	Willem van Eijk
anders-breivik	verified	yes	yes	override	2/2	curated	Anders Breivik
malcolm-macarthur	curated	no	no	-	1/4	curated	Malcolm MacArthur
diogo-alves	curated	no	no	-	3/8	curated	Diogo Alves
moses-sithole	curated	no	no	-	3/7	curated	Moses Sithole
andrei-chikatilo	curated	no	no	-	3/7	curated	Andrei Chikatilo
serhiy-tkach	curated	no	no	-	3/7	curated	Serhiy Tkach
bela-kiss	curated	no	no	-	3/8	curated	Béla Kiss
tsutomu-miyazaki	curated	no	no	-	3/7	curated	Tsutomu Miyazaki
shoko-asahara	curated	no	no	-	3/7	curated	Aum Shinrikyo (Tokyo subway attack)
yoo-young-chul	curated	no	no	-	3/7	curated	Yoo Young-chul
yang-xinhai	curated	no	no	-	3/7	curated	Yang Xinhai
surinder-koli	curated	no	no	-	3/7	curated	Nithari serial murders
charles-sobhraj	curated	no	no	-	3/7	curated	Charles Sobhraj
adrian-lim	curated	no	no	-	1/4	curated	Adrian Lim (Toa Payoh murders)
chen-chin-hsing	curated	no	no	-	2/6	curated	Chen Chin-hsing (Taipei hostage crisis)
luis-garavito	curated	no	no	-	3/7	curated	Luis Garavito
pedro-rodrigues-filho	curated	no	no	-	3/7	curated	Pedro Rodrigues Filho
carlos-robledo-puch	curated	no	no	-	3/7	curated	Carlos Robledo Puch
adolfo-constanzo	curated	no	no	-	1/4	curated	Adolfo Constanzo cult murders
gracious-david-west	curated	no	no	-	3/7	curated	Gracious David-West
philip-onyancha	curated	no	no	-	3/7	curated	Philip Onyancha
sture-bergwall	verified	yes	yes	override	2/2	curated	Sture Bergwall (Thomas Quick)
peter-lundin	curated	no	no	-	1/4	curated	Peter Lundin
lake-bodom	curated	no	no	-	1/4	curated	Lake Bodom unsolved murders
david-bain	verified	yes	yes	override	1/1	curated	David Bain family murders
olga-heparnova	verified	yes	yes	override	1/1	curated	Olga Hepnarová
mona-fandey	curated	no	no	-	1/4	curated	Maznah Ismail (Mona Fandey)
amrozi-nurhasyim	curated	no	no	-	3/7	curated	Bali bombings (2002)
ramadan-mansour	curated	no	no	-	3/7	curated	Ramadan Mansour (Egypt)
julio-perez-silva	verified	yes	yes	override	1/1	curated	Julio Pérez Silva
abimael-guzman	curated	no	no	-	3/7	curated	Abimael Guzmán (Shining Path)
krzysztof-gawlik	verified	yes	yes	override	1/1	curated	Krzysztof Gawlik
werner-ferrari	verified	yes	yes	override	1/1	curated	Werner Ferrari
le-thanh-van	verified	yes	yes	override	1/1	curated	Lê Thanh Vân
juan-severino-mallari	verified	yes	yes	override	1/1	curated	Juan Severino Mallari
ion-rimaru	verified	yes	yes	override	1/1	curated	Ion Rîmaru
wayne-boden	curated	no	no	-	3/7	curated	Wayne Boden
anatoly-slivko	curated	no	no	-	3/7	curated	Anatoly Slivko
earle-nelson	curated	no	no	-	3/8	curated	Earle Nelson
bruno-ludke	curated	no	no	-	3/8	curated	Bruno Lüdke
medeni-oztas	verified	yes	yes	override	1/1	curated	Medeni Öztaş
archive-us-0001	composite	no	no	-	1/5	composite	Archival prosecution: CS-0001
archive-us-0002	composite	no	no	-	1/5	composite	Archival prosecution: CS-0002
archive-us-0003	composite	no	no	-	1/4	composite	Archival prosecution: CS-0003
archive-us-0004	composite	no	no	-	2/5	composite	Archival prosecution: CS-0004
archive-gb-0005	composite	no	no	-	2/6	composite	Archival prosecution: CS-0005
archive-gb-0006	composite	no	no	-	3/7	composite	Archival prosecution: CS-0006
archive-gb-0007	composite	no	no	-	1/4	composite	Archival prosecution: CS-0007
archive-ca-0008	composite	no	no	-	2/5	composite	Archival prosecution: CS-0008
archive-ca-0009	composite	no	no	-	1/4	composite	Archival prosecution: CS-0009
archive-au-0010	composite	no	no	-	1/4	composite	Unsolved matter: CS-0010
archive-au-0011	composite	no	no	-	1/5	composite	Archival prosecution: CS-0011
archive-de-0012	composite	no	no	-	1/5	composite	Archival prosecution: CS-0012
archive-de-0013	composite	no	no	-	2/5	composite	Archival prosecution: CS-0013
archive-fr-0014	composite	no	no	-	2/6	composite	Archival prosecution: CS-0014
archive-fr-0015	composite	no	no	-	3/7	composite	Archival prosecution: CS-0015
archive-it-0016	composite	no	no	-	1/4	composite	Archival prosecution: CS-0016
archive-it-0017	composite	no	no	-	2/5	composite	Archival prosecution: CS-0017
archive-es-0018	composite	no	no	-	1/4	composite	Archival prosecution: CS-0018
archive-es-0019	composite	no	no	-	1/4	composite	Archival prosecution: CS-0019
archive-nl-0020	composite	no	no	-	1/4	composite	Unsolved matter: CS-0020
archive-be-0021	composite	no	no	-	1/5	composite	Archival prosecution: CS-0021
archive-se-0022	composite	no	no	-	2/6	composite	Archival prosecution: CS-0022
archive-no-0023	composite	no	no	-	2/6	composite	Archival prosecution: CS-0023
archive-pl-0024	composite	no	no	-	3/7	composite	Archival prosecution: CS-0024
archive-pl-0025	composite	no	no	-	1/4	composite	Archival prosecution: CS-0025
archive-ru-0026	composite	no	no	-	2/5	composite	Archival prosecution: CS-0026
archive-ru-0027	composite	no	no	-	1/4	composite	Archival prosecution: CS-0027
archive-ua-0028	composite	no	no	-	1/4	composite	Archival prosecution: CS-0028
archive-ua-0029	composite	no	no	-	1/4	composite	Archival prosecution: CS-0029
archive-jp-0030	composite	no	no	-	1/4	composite	Unsolved matter: CS-0030
archive-jp-0031	composite	no	no	-	2/6	composite	Archival prosecution: CS-0031
archive-cn-0032	composite	no	no	-	2/7	composite	Archival prosecution: CS-0032
archive-cn-0033	composite	no	no	-	3/7	composite	Archival prosecution: CS-0033
archive-in-0034	composite	no	no	-	1/4	composite	Archival prosecution: CS-0034
archive-in-0035	composite	no	no	-	2/5	composite	Archival prosecution: CS-0035
archive-br-0036	composite	no	no	-	1/4	composite	Archival prosecution: CS-0036
archive-br-0037	composite	no	no	-	1/4	composite	Archival prosecution: CS-0037
archive-mx-0038	composite	no	no	-	1/4	composite	Archival prosecution: CS-0038
archive-mx-0039	composite	no	no	-	1/4	composite	Archival prosecution: CS-0039
archive-ar-0040	composite	no	no	-	2/5	composite	Unsolved matter: CS-0040
archive-za-0041	composite	no	no	-	2/7	composite	Archival prosecution: CS-0041
archive-ng-0042	composite	no	no	-	3/8	composite	Archival prosecution: CS-0042
archive-ke-0043	composite	no	no	-	1/4	composite	Archival prosecution: CS-0043
archive-tr-0044	composite	no	no	-	2/5	composite	Archival prosecution: CS-0044
archive-gr-0045	composite	no	no	-	1/4	composite	Archival prosecution: CS-0045
archive-ro-0046	composite	no	no	-	1/4	composite	Archival prosecution: CS-0046
archive-cz-0047	composite	no	no	-	1/4	composite	Archival prosecution: CS-0047
archive-hu-0048	composite	no	no	-	1/4	composite	Archival prosecution: CS-0048
archive-at-0049	composite	no	no	-	2/5	composite	Archival prosecution: CS-0049
archive-ch-0050	composite	no	no	-	2/6	composite	Unsolved matter: CS-0050
archive-pt-0051	composite	no	no	-	3/8	composite	Archival prosecution: CS-0051
archive-ie-0052	composite	no	no	-	1/5	composite	Archival prosecution: CS-0052
archive-fi-0053	composite	no	no	-	2/5	composite	Archival prosecution: CS-0053
archive-dk-0054	composite	no	no	-	1/4	composite	Archival prosecution: CS-0054
archive-nz-0055	composite	no	no	-	1/4	composite	Archival prosecution: CS-0055
archive-kr-0056	composite	no	no	-	1/4	composite	Archival prosecution: CS-0056
archive-th-0057	composite	no	no	-	1/4	composite	Archival prosecution: CS-0057
archive-vn-0058	composite	no	no	-	2/5	composite	Archival prosecution: CS-0058
archive-ph-0059	composite	no	no	-	2/6	composite	Archival prosecution: CS-0059
archive-id-0060	composite	no	no	-	3/7	composite	Unsolved matter: CS-0060
archive-my-0061	composite	no	no	-	1/5	composite	Archival prosecution: CS-0061
archive-sg-0062	composite	no	no	-	2/6	composite	Archival prosecution: CS-0062
archive-pk-0063	composite	no	no	-	1/4	composite	Archival prosecution: CS-0063
archive-ir-0064	composite	no	no	-	1/4	composite	Archival prosecution: CS-0064
archive-iq-0065	composite	no	no	-	1/4	composite	Archival prosecution: CS-0065
archive-il-0066	composite	no	no	-	1/4	composite	Archival prosecution: CS-0066
archive-eg-0067	composite	no	no	-	2/5	composite	Archival prosecution: CS-0067
archive-cl-0068	composite	no	no	-	2/6	composite	Archival prosecution: CS-0068
archive-co-0069	composite	no	no	-	3/7	composite	Archival prosecution: CS-0069
archive-pe-0070	composite	no	no	-	1/4	composite	Unsolved matter: CS-0070
archive-bd-0071	composite	no	no	-	2/6	composite	Archival prosecution: CS-0071
archive-lv-0072	composite	no	no	-	1/5	composite	Archival prosecution: CS-0072
archive-sk-0073	composite	no	no	-	1/4	composite	Archival prosecution: CS-0073
archive-rs-0074	composite	no	no	-	1/4	composite	Archival prosecution: CS-0074
archive-bg-0075	composite	no	no	-	1/4	composite	Archival prosecution: CS-0075
archive-tw-0076	composite	no	no	-	2/5	composite	Archival prosecution: CS-0076
archive-uz-0077	composite	no	no	-	2/6	composite	Archival prosecution: CS-0077
archive-sa-0078	composite	no	no	-	3/7	composite	Archival prosecution: CS-0078
archive-et-0079	composite	no	no	-	1/4	composite	Archival prosecution: CS-0079
archive-us-0080	composite	no	no	-	2/5	composite	Unsolved matter: CS-0080
archive-us-0081	composite	no	no	-	1/5	composite	Archival prosecution: CS-0081
archive-us-0082	composite	no	no	-	1/5	composite	Archival prosecution: CS-0082
archive-us-0083	composite	no	no	-	1/4	composite	Archival prosecution: CS-0083
archive-us-0084	composite	no	no	-	1/4	composite	Archival prosecution: CS-0084
archive-gb-0085	composite	no	no	-	2/5	composite	Archival prosecution: CS-0085
archive-gb-0086	composite	no	no	-	2/6	composite	Archival prosecution: CS-0086
archive-gb-0087	composite	no	no	-	3/7	composite	Archival prosecution: CS-0087
archive-ca-0088	composite	no	no	-	1/4	composite	Archival prosecution: CS-0088
archive-ca-0089	composite	no	no	-	2/5	composite	Archival prosecution: CS-0089
archive-au-0090	composite	no	no	-	1/4	composite	Unsolved matter: CS-0090
archive-au-0091	composite	no	no	-	1/5	composite	Archival prosecution: CS-0091
archive-de-0092	composite	no	no	-	1/5	composite	Archival prosecution: CS-0092
archive-de-0093	composite	no	no	-	1/4	composite	Archival prosecution: CS-0093
archive-fr-0094	composite	no	no	-	2/5	composite	Archival prosecution: CS-0094
archive-fr-0095	composite	no	no	-	2/6	composite	Archival prosecution: CS-0095
archive-it-0096	composite	no	no	-	3/7	composite	Archival prosecution: CS-0096
archive-it-0097	composite	no	no	-	1/4	composite	Archival prosecution: CS-0097
archive-es-0098	composite	no	no	-	2/5	composite	Archival prosecution: CS-0098
archive-es-0099	composite	no	no	-	1/4	composite	Archival prosecution: CS-0099
archive-nl-0100	composite	no	no	-	1/4	composite	Unsolved matter: CS-0100
archive-be-0101	composite	no	no	-	1/5	composite	Archival prosecution: CS-0101
archive-se-0102	composite	no	no	-	1/5	composite	Archival prosecution: CS-0102
archive-no-0103	composite	no	no	-	2/5	composite	Archival prosecution: CS-0103
archive-pl-0104	composite	no	no	-	2/6	composite	Archival prosecution: CS-0104
archive-pl-0105	composite	no	no	-	3/7	composite	Archival prosecution: CS-0105
archive-ru-0106	composite	no	no	-	1/4	composite	Archival prosecution: CS-0106
archive-ru-0107	composite	no	no	-	2/5	composite	Archival prosecution: CS-0107
archive-ua-0108	composite	no	no	-	1/4	composite	Archival prosecution: CS-0108
archive-ua-0109	composite	no	no	-	1/4	composite	Archival prosecution: CS-0109
archive-jp-0110	composite	no	no	-	1/4	composite	Unsolved matter: CS-0110
archive-jp-0111	composite	no	no	-	1/5	composite	Archival prosecution: CS-0111
archive-cn-0112	composite	no	no	-	2/6	composite	Archival prosecution: CS-0112
archive-cn-0113	composite	no	no	-	2/6	composite	Archival prosecution: CS-0113
archive-in-0114	composite	no	no	-	3/7	composite	Archival prosecution: CS-0114
archive-in-0115	composite	no	no	-	1/4	composite	Archival prosecution: CS-0115
archive-br-0116	composite	no	no	-	2/5	composite	Archival prosecution: CS-0116
archive-br-0117	composite	no	no	-	1/4	composite	Archival prosecution: CS-0117
archive-mx-0118	composite	no	no	-	1/4	composite	Archival prosecution: CS-0118
archive-mx-0119	composite	no	no	-	1/4	composite	Archival prosecution: CS-0119
archive-ar-0120	composite	no	no	-	1/4	composite	Unsolved matter: CS-0120
archive-za-0121	composite	no	no	-	2/6	composite	Archival prosecution: CS-0121
archive-ng-0122	composite	no	no	-	2/7	composite	Archival prosecution: CS-0122
archive-ke-0123	composite	no	no	-	3/7	composite	Archival prosecution: CS-0123
archive-tr-0124	composite	no	no	-	1/4	composite	Archival prosecution: CS-0124
archive-gr-0125	composite	no	no	-	2/5	composite	Archival prosecution: CS-0125
archive-ro-0126	composite	no	no	-	1/4	composite	Archival prosecution: CS-0126
archive-cz-0127	composite	no	no	-	1/4	composite	Archival prosecution: CS-0127
archive-hu-0128	composite	no	no	-	1/4	composite	Archival prosecution: CS-0128
archive-at-0129	composite	no	no	-	1/4	composite	Archival prosecution: CS-0129
archive-ch-0130	composite	no	no	-	2/5	composite	Unsolved matter: CS-0130
archive-pt-0131	composite	no	no	-	2/7	composite	Archival prosecution: CS-0131
archive-ie-0132	composite	no	no	-	3/8	composite	Archival prosecution: CS-0132
archive-fi-0133	composite	no	no	-	1/4	composite	Archival prosecution: CS-0133
archive-dk-0134	composite	no	no	-	2/5	composite	Archival prosecution: CS-0134
archive-nz-0135	composite	no	no	-	1/4	composite	Archival prosecution: CS-0135
archive-kr-0136	composite	no	no	-	1/4	composite	Archival prosecution: CS-0136
archive-th-0137	composite	no	no	-	1/4	composite	Archival prosecution: CS-0137
archive-vn-0138	composite	no	no	-	1/4	composite	Archival prosecution: CS-0138
archive-ph-0139	composite	no	no	-	2/5	composite	Archival prosecution: CS-0139
archive-id-0140	composite	no	no	-	2/6	composite	Unsolved matter: CS-0140
archive-my-0141	composite	no	no	-	3/8	composite	Archival prosecution: CS-0141
archive-sg-0142	composite	no	no	-	1/5	composite	Archival prosecution: CS-0142
archive-pk-0143	composite	no	no	-	2/5	composite	Archival prosecution: CS-0143
archive-ir-0144	composite	no	no	-	1/4	composite	Archival prosecution: CS-0144
archive-iq-0145	composite	no	no	-	1/4	composite	Archival prosecution: CS-0145
archive-il-0146	composite	no	no	-	1/4	composite	Archival prosecution: CS-0146
archive-eg-0147	composite	no	no	-	1/4	composite	Archival prosecution: CS-0147
archive-cl-0148	composite	no	no	-	2/5	composite	Archival prosecution: CS-0148
archive-co-0149	composite	no	no	-	2/6	composite	Archival prosecution: CS-0149
archive-pe-0150	composite	no	no	-	3/7	composite	Unsolved matter: CS-0150
archive-bd-0151	composite	no	no	-	1/5	composite	Archival prosecution: CS-0151
archive-lv-0152	composite	no	no	-	2/6	composite	Archival prosecution: CS-0152
archive-sk-0153	composite	no	no	-	1/4	composite	Archival prosecution: CS-0153
archive-rs-0154	composite	no	no	-	1/4	composite	Archival prosecution: CS-0154
archive-bg-0155	composite	no	no	-	1/4	composite	Archival prosecution: CS-0155
archive-tw-0156	composite	no	no	-	1/4	composite	Archival prosecution: CS-0156
archive-uz-0157	composite	no	no	-	2/5	composite	Archival prosecution: CS-0157
archive-sa-0158	composite	no	no	-	2/6	composite	Archival prosecution: CS-0158
archive-et-0159	composite	no	no	-	3/7	composite	Archival prosecution: CS-0159
archive-us-0160	composite	no	no	-	1/4	composite	Unsolved matter: CS-0160
archive-us-0161	composite	no	no	-	2/6	composite	Archival prosecution: CS-0161
archive-us-0162	composite	no	no	-	1/5	composite	Archival prosecution: CS-0162
archive-us-0163	composite	no	no	-	1/4	composite	Archival prosecution: CS-0163
archive-us-0164	composite	no	no	-	1/4	composite	Archival prosecution: CS-0164
archive-gb-0165	composite	no	no	-	1/4	composite	Archival prosecution: CS-0165
archive-gb-0166	composite	no	no	-	2/5	composite	Archival prosecution: CS-0166
archive-gb-0167	composite	no	no	-	2/6	composite	Archival prosecution: CS-0167
archive-ca-0168	composite	no	no	-	3/7	composite	Archival prosecution: CS-0168
archive-ca-0169	composite	no	no	-	1/4	composite	Archival prosecution: CS-0169
archive-au-0170	composite	no	no	-	2/5	composite	Unsolved matter: CS-0170
archive-au-0171	composite	no	no	-	1/5	composite	Archival prosecution: CS-0171
archive-de-0172	composite	no	no	-	1/5	composite	Archival prosecution: CS-0172
archive-de-0173	composite	no	no	-	1/4	composite	Archival prosecution: CS-0173
archive-fr-0174	composite	no	no	-	1/4	composite	Archival prosecution: CS-0174
archive-fr-0175	composite	no	no	-	2/5	composite	Archival prosecution: CS-0175
archive-it-0176	composite	no	no	-	2/6	composite	Archival prosecution: CS-0176
archive-it-0177	composite	no	no	-	3/7	composite	Archival prosecution: CS-0177
archive-es-0178	composite	no	no	-	1/4	composite	Archival prosecution: CS-0178
archive-es-0179	composite	no	no	-	2/5	composite	Archival prosecution: CS-0179
archive-nl-0180	composite	no	no	-	1/4	composite	Unsolved matter: CS-0180
archive-be-0181	composite	no	no	-	1/5	composite	Archival prosecution: CS-0181
archive-se-0182	composite	no	no	-	1/5	composite	Archival prosecution: CS-0182
archive-no-0183	composite	no	no	-	1/4	composite	Archival prosecution: CS-0183
archive-pl-0184	composite	no	no	-	2/5	composite	Archival prosecution: CS-0184
archive-pl-0185	composite	no	no	-	2/6	composite	Archival prosecution: CS-0185
archive-ru-0186	composite	no	no	-	3/7	composite	Archival prosecution: CS-0186
archive-ru-0187	composite	no	no	-	1/4	composite	Archival prosecution: CS-0187
archive-ua-0188	composite	no	no	-	2/5	composite	Archival prosecution: CS-0188
archive-ua-0189	composite	no	no	-	1/4	composite	Archival prosecution: CS-0189
archive-jp-0190	composite	no	no	-	1/4	composite	Unsolved matter: CS-0190
archive-jp-0191	composite	no	no	-	1/5	composite	Archival prosecution: CS-0191
archive-cn-0192	composite	no	no	-	1/5	composite	Archival prosecution: CS-0192
archive-cn-0193	composite	no	no	-	2/5	composite	Archival prosecution: CS-0193
archive-in-0194	composite	no	no	-	2/6	composite	Archival prosecution: CS-0194
archive-in-0195	composite	no	no	-	3/7	composite	Archival prosecution: CS-0195
archive-br-0196	composite	no	no	-	1/4	composite	Archival prosecution: CS-0196
archive-br-0197	composite	no	no	-	2/5	composite	Archival prosecution: CS-0197
archive-mx-0198	composite	no	no	-	1/4	composite	Archival prosecution: CS-0198
archive-mx-0199	composite	no	no	-	1/4	composite	Archival prosecution: CS-0199
archive-ar-0200	composite	no	no	-	1/4	composite	Unsolved matter: CS-0200
archive-za-0201	composite	no	no	-	1/5	composite	Archival prosecution: CS-0201
archive-ng-0202	composite	no	no	-	2/6	composite	Archival prosecution: CS-0202
archive-ke-0203	composite	no	no	-	2/6	composite	Archival prosecution: CS-0203
archive-tr-0204	composite	no	no	-	3/7	composite	Archival prosecution: CS-0204
archive-gr-0205	composite	no	no	-	1/4	composite	Archival prosecution: CS-0205
archive-ro-0206	composite	no	no	-	2/5	composite	Archival prosecution: CS-0206
archive-cz-0207	composite	no	no	-	1/4	composite	Archival prosecution: CS-0207
archive-hu-0208	composite	no	no	-	1/4	composite	Archival prosecution: CS-0208
archive-at-0209	composite	no	no	-	1/4	composite	Archival prosecution: CS-0209
archive-ch-0210	composite	no	no	-	1/4	composite	Unsolved matter: CS-0210
archive-pt-0211	composite	no	no	-	2/6	composite	Archival prosecution: CS-0211
archive-ie-0212	composite	no	no	-	2/7	composite	Archival prosecution: CS-0212
archive-fi-0213	composite	no	no	-	3/7	composite	Archival prosecution: CS-0213
archive-dk-0214	composite	no	no	-	1/4	composite	Archival prosecution: CS-0214
archive-nz-0215	composite	no	no	-	2/5	composite	Archival prosecution: CS-0215
archive-kr-0216	composite	no	no	-	1/4	composite	Archival prosecution: CS-0216
archive-th-0217	composite	no	no	-	1/4	composite	Archival prosecution: CS-0217
archive-vn-0218	composite	no	no	-	1/4	composite	Archival prosecution: CS-0218
archive-ph-0219	composite	no	no	-	1/4	composite	Archival prosecution: CS-0219
archive-id-0220	composite	no	no	-	2/5	composite	Unsolved matter: CS-0220
archive-my-0221	composite	no	no	-	2/7	composite	Archival prosecution: CS-0221
archive-sg-0222	composite	no	no	-	3/8	composite	Archival prosecution: CS-0222
archive-pk-0223	composite	no	no	-	1/4	composite	Archival prosecution: CS-0223
archive-ir-0224	composite	no	no	-	2/5	composite	Archival prosecution: CS-0224
archive-iq-0225	composite	no	no	-	1/4	composite	Archival prosecution: CS-0225
archive-il-0226	composite	no	no	-	1/4	composite	Archival prosecution: CS-0226
archive-eg-0227	composite	no	no	-	1/4	composite	Archival prosecution: CS-0227
archive-cl-0228	composite	no	no	-	1/4	composite	Archival prosecution: CS-0228
archive-co-0229	composite	no	no	-	2/5	composite	Archival prosecution: CS-0229
archive-pe-0230	composite	no	no	-	2/6	composite	Unsolved matter: CS-0230
archive-bd-0231	composite	no	no	-	3/8	composite	Archival prosecution: CS-0231
archive-lv-0232	composite	no	no	-	1/5	composite	Archival prosecution: CS-0232
archive-sk-0233	composite	no	no	-	2/5	composite	Archival prosecution: CS-0233
archive-rs-0234	composite	no	no	-	1/4	composite	Archival prosecution: CS-0234
archive-bg-0235	composite	no	no	-	1/4	composite	Archival prosecution: CS-0235
archive-tw-0236	composite	no	no	-	1/4	composite	Archival prosecution: CS-0236
archive-uz-0237	composite	no	no	-	1/4	composite	Archival prosecution: CS-0237
archive-sa-0238	composite	no	no	-	2/5	composite	Archival prosecution: CS-0238
archive-et-0239	composite	no	no	-	2/6	composite	Archival prosecution: CS-0239
archive-us-0240	composite	no	no	-	3/7	composite	Unsolved matter: CS-0240
archive-us-0241	composite	no	no	-	1/5	composite	Archival prosecution: CS-0241
archive-us-0242	composite	no	no	-	2/6	composite	Archival prosecution: CS-0242
archive-us-0243	composite	no	no	-	1/4	composite	Archival prosecution: CS-0243
archive-us-0244	composite	no	no	-	1/4	composite	Archival prosecution: CS-0244
archive-gb-0245	composite	no	no	-	1/4	composite	Archival prosecution: CS-0245
archive-gb-0246	composite	no	no	-	1/4	composite	Archival prosecution: CS-0246
archive-gb-0247	composite	no	no	-	2/5	composite	Archival prosecution: CS-0247
archive-ca-0248	composite	no	no	-	2/6	composite	Archival prosecution: CS-0248
archive-ca-0249	composite	no	no	-	3/7	composite	Archival prosecution: CS-0249
archive-au-0250	composite	no	no	-	1/4	composite	Unsolved matter: CS-0250
archive-au-0251	composite	no	no	-	2/6	composite	Archival prosecution: CS-0251
archive-de-0252	composite	no	no	-	1/5	composite	Archival prosecution: CS-0252
archive-de-0253	composite	no	no	-	1/4	composite	Archival prosecution: CS-0253
archive-fr-0254	composite	no	no	-	1/4	composite	Archival prosecution: CS-0254
archive-fr-0255	composite	no	no	-	1/4	composite	Archival prosecution: CS-0255
archive-it-0256	composite	no	no	-	2/5	composite	Archival prosecution: CS-0256
archive-it-0257	composite	no	no	-	2/6	composite	Archival prosecution: CS-0257
archive-es-0258	composite	no	no	-	3/7	composite	Archival prosecution: CS-0258
archive-es-0259	composite	no	no	-	1/4	composite	Archival prosecution: CS-0259
archive-nl-0260	composite	no	no	-	2/5	composite	Unsolved matter: CS-0260
archive-be-0261	composite	no	no	-	1/5	composite	Archival prosecution: CS-0261
archive-se-0262	composite	no	no	-	1/5	composite	Archival prosecution: CS-0262
archive-no-0263	composite	no	no	-	1/4	composite	Archival prosecution: CS-0263
archive-pl-0264	composite	no	no	-	1/4	composite	Archival prosecution: CS-0264
archive-pl-0265	composite	no	no	-	2/5	composite	Archival prosecution: CS-0265
archive-ru-0266	composite	no	no	-	2/6	composite	Archival prosecution: CS-0266
archive-ru-0267	composite	no	no	-	3/7	composite	Archival prosecution: CS-0267
archive-ua-0268	composite	no	no	-	1/4	composite	Archival prosecution: CS-0268
archive-ua-0269	composite	no	no	-	2/5	composite	Archival prosecution: CS-0269
archive-jp-0270	composite	no	no	-	1/4	composite	Unsolved matter: CS-0270
archive-jp-0271	composite	no	no	-	1/5	composite	Archival prosecution: CS-0271
archive-cn-0272	composite	no	no	-	1/5	composite	Archival prosecution: CS-0272
archive-cn-0273	composite	no	no	-	1/4	composite	Archival prosecution: CS-0273
archive-in-0274	composite	no	no	-	2/5	composite	Archival prosecution: CS-0274
archive-in-0275	composite	no	no	-	2/6	composite	Archival prosecution: CS-0275
archive-br-0276	composite	no	no	-	3/7	composite	Archival prosecution: CS-0276
archive-br-0277	composite	no	no	-	1/4	composite	Archival prosecution: CS-0277
archive-mx-0278	composite	no	no	-	2/5	composite	Archival prosecution: CS-0278
archive-mx-0279	composite	no	no	-	1/4	composite	Archival prosecution: CS-0279
archive-ar-0280	composite	no	no	-	1/4	composite	Unsolved matter: CS-0280
archive-za-0281	composite	no	no	-	1/5	composite	Archival prosecution: CS-0281
archive-ng-0282	composite	no	no	-	1/5	composite	Archival prosecution: CS-0282
archive-ke-0283	composite	no	no	-	2/5	composite	Archival prosecution: CS-0283
archive-tr-0284	composite	no	no	-	2/6	composite	Archival prosecution: CS-0284
archive-gr-0285	composite	no	no	-	3/7	composite	Archival prosecution: CS-0285
archive-ro-0286	composite	no	no	-	1/4	composite	Archival prosecution: CS-0286
archive-cz-0287	composite	no	no	-	2/5	composite	Archival prosecution: CS-0287
archive-hu-0288	composite	no	no	-	1/4	composite	Archival prosecution: CS-0288
archive-at-0289	composite	no	no	-	1/4	composite	Archival prosecution: CS-0289
archive-ch-0290	composite	no	no	-	1/4	composite	Unsolved matter: CS-0290
archive-pt-0291	composite	no	no	-	1/5	composite	Archival prosecution: CS-0291
archive-ie-0292	composite	no	no	-	2/6	composite	Archival prosecution: CS-0292
archive-fi-0293	composite	no	no	-	2/6	composite	Archival prosecution: CS-0293
archive-dk-0294	composite	no	no	-	3/7	composite	Archival prosecution: CS-0294
archive-nz-0295	composite	no	no	-	1/4	composite	Archival prosecution: CS-0295
archive-kr-0296	composite	no	no	-	2/5	composite	Archival prosecution: CS-0296
archive-th-0297	composite	no	no	-	1/4	composite	Archival prosecution: CS-0297
archive-vn-0298	composite	no	no	-	1/4	composite	Archival prosecution: CS-0298
archive-ph-0299	composite	no	no	-	1/4	composite	Archival prosecution: CS-0299
archive-id-0300	composite	no	no	-	1/4	composite	Unsolved matter: CS-0300
archive-my-0301	composite	no	no	-	2/6	composite	Archival prosecution: CS-0301
archive-sg-0302	composite	no	no	-	2/7	composite	Archival prosecution: CS-0302
archive-pk-0303	composite	no	no	-	3/7	composite	Archival prosecution: CS-0303
archive-ir-0304	composite	no	no	-	1/4	composite	Archival prosecution: CS-0304
archive-iq-0305	composite	no	no	-	2/5	composite	Archival prosecution: CS-0305
archive-il-0306	composite	no	no	-	1/4	composite	Archival prosecution: CS-0306
archive-eg-0307	composite	no	no	-	1/4	composite	Archival prosecution: CS-0307
archive-cl-0308	composite	no	no	-	1/4	composite	Archival prosecution: CS-0308
archive-co-0309	composite	no	no	-	1/4	composite	Archival prosecution: CS-0309
archive-pe-0310	composite	no	no	-	2/5	composite	Unsolved matter: CS-0310
archive-bd-0311	composite	no	no	-	2/7	composite	Archival prosecution: CS-0311
archive-lv-0312	composite	no	no	-	3/8	composite	Archival prosecution: CS-0312
archive-sk-0313	composite	no	no	-	1/4	composite	Archival prosecution: CS-0313
archive-rs-0314	composite	no	no	-	2/5	composite	Archival prosecution: CS-0314
archive-bg-0315	composite	no	no	-	1/4	composite	Archival prosecution: CS-0315
archive-tw-0316	composite	no	no	-	1/4	composite	Archival prosecution: CS-0316
archive-uz-0317	composite	no	no	-	1/4	composite	Archival prosecution: CS-0317
archive-sa-0318	composite	no	no	-	1/4	composite	Archival prosecution: CS-0318
archive-et-0319	composite	no	no	-	2/5	composite	Archival prosecution: CS-0319
archive-us-0320	composite	no	no	-	2/6	composite	Unsolved matter: CS-0320
archive-us-0321	composite	no	no	-	3/8	composite	Archival prosecution: CS-0321
archive-us-0322	composite	no	no	-	1/5	composite	Archival prosecution: CS-0322
archive-us-0323	composite	no	no	-	2/5	composite	Archival prosecution: CS-0323
archive-us-0324	composite	no	no	-	1/4	composite	Archival prosecution: CS-0324
archive-gb-0325	composite	no	no	-	1/4	composite	Archival prosecution: CS-0325
archive-gb-0326	composite	no	no	-	1/4	composite	Archival prosecution: CS-0326
archive-gb-0327	composite	no	no	-	1/4	composite	Archival prosecution: CS-0327
archive-ca-0328	composite	no	no	-	2/5	composite	Archival prosecution: CS-0328
archive-ca-0329	composite	no	no	-	2/6	composite	Archival prosecution: CS-0329
archive-au-0330	composite	no	no	-	3/7	composite	Unsolved matter: CS-0330
archive-au-0331	composite	no	no	-	1/5	composite	Archival prosecution: CS-0331
archive-de-0332	composite	no	no	-	2/6	composite	Archival prosecution: CS-0332
archive-de-0333	composite	no	no	-	1/4	composite	Archival prosecution: CS-0333
archive-fr-0334	composite	no	no	-	1/4	composite	Archival prosecution: CS-0334
archive-fr-0335	composite	no	no	-	1/4	composite	Archival prosecution: CS-0335
archive-it-0336	composite	no	no	-	1/4	composite	Archival prosecution: CS-0336
archive-it-0337	composite	no	no	-	2/5	composite	Archival prosecution: CS-0337
archive-es-0338	composite	no	no	-	2/6	composite	Archival prosecution: CS-0338
archive-es-0339	composite	no	no	-	3/7	composite	Archival prosecution: CS-0339
archive-nl-0340	composite	no	no	-	1/4	composite	Unsolved matter: CS-0340
archive-be-0341	composite	no	no	-	2/6	composite	Archival prosecution: CS-0341
archive-se-0342	composite	no	no	-	1/5	composite	Archival prosecution: CS-0342
archive-no-0343	composite	no	no	-	1/4	composite	Archival prosecution: CS-0343
archive-pl-0344	composite	no	no	-	1/4	composite	Archival prosecution: CS-0344
archive-pl-0345	composite	no	no	-	1/4	composite	Archival prosecution: CS-0345
archive-ru-0346	composite	no	no	-	2/5	composite	Archival prosecution: CS-0346
archive-ru-0347	composite	no	no	-	2/6	composite	Archival prosecution: CS-0347
archive-ua-0348	composite	no	no	-	3/7	composite	Archival prosecution: CS-0348
archive-ua-0349	composite	no	no	-	1/4	composite	Archival prosecution: CS-0349
archive-jp-0350	composite	no	no	-	2/5	composite	Unsolved matter: CS-0350
archive-jp-0351	composite	no	no	-	1/5	composite	Archival prosecution: CS-0351
archive-cn-0352	composite	no	no	-	1/5	composite	Archival prosecution: CS-0352
archive-cn-0353	composite	no	no	-	1/4	composite	Archival prosecution: CS-0353
archive-in-0354	composite	no	no	-	1/4	composite	Archival prosecution: CS-0354
archive-in-0355	composite	no	no	-	2/5	composite	Archival prosecution: CS-0355
archive-br-0356	composite	no	no	-	2/6	composite	Archival prosecution: CS-0356
archive-br-0357	composite	no	no	-	3/7	composite	Archival prosecution: CS-0357
archive-mx-0358	composite	no	no	-	1/4	composite	Archival prosecution: CS-0358
archive-mx-0359	composite	no	no	-	2/5	composite	Archival prosecution: CS-0359
archive-ar-0360	composite	no	no	-	1/4	composite	Unsolved matter: CS-0360
archive-za-0361	composite	no	no	-	1/5	composite	Archival prosecution: CS-0361
archive-ng-0362	composite	no	no	-	1/5	composite	Archival prosecution: CS-0362
archive-ke-0363	composite	no	no	-	1/4	composite	Archival prosecution: CS-0363
archive-tr-0364	composite	no	no	-	2/5	composite	Archival prosecution: CS-0364
archive-gr-0365	composite	no	no	-	2/6	composite	Archival prosecution: CS-0365
archive-ro-0366	composite	no	no	-	3/7	composite	Archival prosecution: CS-0366
archive-cz-0367	composite	no	no	-	1/4	composite	Archival prosecution: CS-0367
archive-hu-0368	composite	no	no	-	2/5	composite	Archival prosecution: CS-0368
archive-at-0369	composite	no	no	-	1/4	composite	Archival prosecution: CS-0369
archive-ch-0370	composite	no	no	-	1/4	composite	Unsolved matter: CS-0370
archive-pt-0371	composite	no	no	-	1/5	composite	Archival prosecution: CS-0371
archive-ie-0372	composite	no	no	-	1/5	composite	Archival prosecution: CS-0372
archive-fi-0373	composite	no	no	-	2/5	composite	Archival prosecution: CS-0373
archive-dk-0374	composite	no	no	-	2/6	composite	Archival prosecution: CS-0374
archive-nz-0375	composite	no	no	-	3/7	composite	Archival prosecution: CS-0375
archive-kr-0376	composite	no	no	-	1/4	composite	Archival prosecution: CS-0376
archive-th-0377	composite	no	no	-	2/5	composite	Archival prosecution: CS-0377
archive-vn-0378	composite	no	no	-	1/4	composite	Archival prosecution: CS-0378
archive-ph-0379	composite	no	no	-	1/4	composite	Archival prosecution: CS-0379
archive-id-0380	composite	no	no	-	1/4	composite	Unsolved matter: CS-0380
archive-my-0381	composite	no	no	-	1/5	composite	Archival prosecution: CS-0381
archive-sg-0382	composite	no	no	-	2/6	composite	Archival prosecution: CS-0382
archive-pk-0383	composite	no	no	-	2/6	composite	Archival prosecution: CS-0383
archive-ir-0384	composite	no	no	-	3/7	composite	Archival prosecution: CS-0384
archive-iq-0385	composite	no	no	-	1/4	composite	Archival prosecution: CS-0385
archive-il-0386	composite	no	no	-	2/5	composite	Archival prosecution: CS-0386
archive-eg-0387	composite	no	no	-	1/4	composite	Archival prosecution: CS-0387
archive-cl-0388	composite	no	no	-	1/4	composite	Archival prosecution: CS-0388
archive-co-0389	composite	no	no	-	1/4	composite	Archival prosecution: CS-0389
archive-pe-0390	composite	no	no	-	1/4	composite	Unsolved matter: CS-0390
archive-bd-0391	composite	no	no	-	2/6	composite	Archival prosecution: CS-0391
archive-lv-0392	composite	no	no	-	2/7	composite	Archival prosecution: CS-0392
archive-sk-0393	composite	no	no	-	3/7	composite	Archival prosecution: CS-0393
archive-rs-0394	composite	no	no	-	1/4	composite	Archival prosecution: CS-0394
archive-bg-0395	composite	no	no	-	2/5	composite	Archival prosecution: CS-0395
archive-tw-0396	composite	no	no	-	1/4	composite	Archival prosecution: CS-0396
archive-uz-0397	composite	no	no	-	1/4	composite	Archival prosecution: CS-0397
archive-sa-0398	composite	no	no	-	1/4	composite	Archival prosecution: CS-0398
archive-et-0399	composite	no	no	-	1/4	composite	Archival prosecution: CS-0399
archive-us-0400	composite	no	no	-	2/5	composite	Unsolved matter: CS-0400
archive-us-0401	composite	no	no	-	2/7	composite	Archival prosecution: CS-0401
archive-us-0402	composite	no	no	-	3/8	composite	Archival prosecution: CS-0402
archive-us-0403	composite	no	no	-	1/4	composite	Archival prosecution: CS-0403
archive-us-0404	composite	no	no	-	2/5	composite	Archival prosecution: CS-0404
archive-gb-0405	composite	no	no	-	1/4	composite	Archival prosecution: CS-0405
archive-gb-0406	composite	no	no	-	1/4	composite	Archival prosecution: CS-0406
archive-gb-0407	composite	no	no	-	1/4	composite	Archival prosecution: CS-0407
archive-ca-0408	composite	no	no	-	1/4	composite	Archival prosecution: CS-0408
archive-ca-0409	composite	no	no	-	2/5	composite	Archival prosecution: CS-0409
archive-au-0410	composite	no	no	-	2/6	composite	Unsolved matter: CS-0410
archive-au-0411	composite	no	no	-	3/8	composite	Archival prosecution: CS-0411
archive-de-0412	composite	no	no	-	1/5	composite	Archival prosecution: CS-0412
archive-de-0413	composite	no	no	-	2/5	composite	Archival prosecution: CS-0413
archive-fr-0414	composite	no	no	-	1/4	composite	Archival prosecution: CS-0414
archive-fr-0415	composite	no	no	-	1/4	composite	Archival prosecution: CS-0415
archive-it-0416	composite	no	no	-	1/4	composite	Archival prosecution: CS-0416
archive-it-0417	composite	no	no	-	1/4	composite	Archival prosecution: CS-0417
archive-es-0418	composite	no	no	-	2/5	composite	Archival prosecution: CS-0418
archive-es-0419	composite	no	no	-	2/6	composite	Archival prosecution: CS-0419
archive-nl-0420	composite	no	no	-	3/7	composite	Unsolved matter: CS-0420
archive-be-0421	composite	no	no	-	1/5	composite	Archival prosecution: CS-0421
archive-se-0422	composite	no	no	-	2/6	composite	Archival prosecution: CS-0422
archive-no-0423	composite	no	no	-	1/4	composite	Archival prosecution: CS-0423
archive-pl-0424	composite	no	no	-	1/4	composite	Archival prosecution: CS-0424
archive-pl-0425	composite	no	no	-	1/4	composite	Archival prosecution: CS-0425
archive-ru-0426	composite	no	no	-	1/4	composite	Archival prosecution: CS-0426
archive-ru-0427	composite	no	no	-	2/5	composite	Archival prosecution: CS-0427
archive-ua-0428	composite	no	no	-	2/6	composite	Archival prosecution: CS-0428
archive-ua-0429	composite	no	no	-	3/7	composite	Archival prosecution: CS-0429
archive-jp-0430	composite	no	no	-	1/4	composite	Unsolved matter: CS-0430
archive-jp-0431	composite	no	no	-	2/6	composite	Archival prosecution: CS-0431
archive-cn-0432	composite	no	no	-	1/5	composite	Archival prosecution: CS-0432
archive-cn-0433	composite	no	no	-	1/4	composite	Archival prosecution: CS-0433
archive-in-0434	composite	no	no	-	1/4	composite	Archival prosecution: CS-0434
archive-in-0435	composite	no	no	-	1/4	composite	Archival prosecution: CS-0435
archive-br-0436	composite	no	no	-	2/5	composite	Archival prosecution: CS-0436
archive-br-0437	composite	no	no	-	2/6	composite	Archival prosecution: CS-0437
archive-mx-0438	composite	no	no	-	3/7	composite	Archival prosecution: CS-0438
archive-mx-0439	composite	no	no	-	1/4	composite	Archival prosecution: CS-0439
archive-ar-0440	composite	no	no	-	2/5	composite	Unsolved matter: CS-0440
archive-za-0441	composite	no	no	-	1/5	composite	Archival prosecution: CS-0441
archive-ng-0442	composite	no	no	-	1/5	composite	Archival prosecution: CS-0442
archive-ke-0443	composite	no	no	-	1/4	composite	Archival prosecution: CS-0443
archive-tr-0444	composite	no	no	-	1/4	composite	Archival prosecution: CS-0444
archive-gr-0445	composite	no	no	-	2/5	composite	Archival prosecution: CS-0445
archive-ro-0446	composite	no	no	-	2/6	composite	Archival prosecution: CS-0446
archive-cz-0447	composite	no	no	-	3/7	composite	Archival prosecution: CS-0447
archive-hu-0448	composite	no	no	-	1/4	composite	Archival prosecution: CS-0448
archive-at-0449	composite	no	no	-	2/5	composite	Archival prosecution: CS-0449
archive-ch-0450	composite	no	no	-	1/4	composite	Unsolved matter: CS-0450
archive-pt-0451	composite	no	no	-	1/5	composite	Archival prosecution: CS-0451
archive-ie-0452	composite	no	no	-	1/5	composite	Archival prosecution: CS-0452
archive-fi-0453	composite	no	no	-	1/4	composite	Archival prosecution: CS-0453
archive-dk-0454	composite	no	no	-	2/5	composite	Archival prosecution: CS-0454
archive-nz-0455	composite	no	no	-	2/6	composite	Archival prosecution: CS-0455
archive-kr-0456	composite	no	no	-	3/7	composite	Archival prosecution: CS-0456
archive-th-0457	composite	no	no	-	1/4	composite	Archival prosecution: CS-0457
archive-vn-0458	composite	no	no	-	2/5	composite	Archival prosecution: CS-0458
archive-ph-0459	composite	no	no	-	1/4	composite	Archival prosecution: CS-0459
archive-id-0460	composite	no	no	-	1/4	composite	Unsolved matter: CS-0460
archive-my-0461	composite	no	no	-	1/5	composite	Archival prosecution: CS-0461
archive-sg-0462	composite	no	no	-	1/5	composite	Archival prosecution: CS-0462
archive-pk-0463	composite	no	no	-	2/5	composite	Archival prosecution: CS-0463
archive-ir-0464	composite	no	no	-	2/6	composite	Archival prosecution: CS-0464
archive-iq-0465	composite	no	no	-	3/7	composite	Archival prosecution: CS-0465
archive-il-0466	composite	no	no	-	1/4	composite	Archival prosecution: CS-0466
archive-eg-0467	composite	no	no	-	2/5	composite	Archival prosecution: CS-0467
archive-cl-0468	composite	no	no	-	1/4	composite	Archival prosecution: CS-0468
archive-co-0469	composite	no	no	-	1/4	composite	Archival prosecution: CS-0469
archive-pe-0470	composite	no	no	-	1/4	composite	Unsolved matter: CS-0470
archive-bd-0471	composite	no	no	-	1/5	composite	Archival prosecution: CS-0471
archive-lv-0472	composite	no	no	-	2/6	composite	Archival prosecution: CS-0472
archive-sk-0473	composite	no	no	-	2/6	composite	Archival prosecution: CS-0473
archive-rs-0474	composite	no	no	-	3/7	composite	Archival prosecution: CS-0474
archive-bg-0475	composite	no	no	-	1/4	composite	Archival prosecution: CS-0475
archive-tw-0476	composite	no	no	-	2/5	composite	Archival prosecution: CS-0476
archive-uz-0477	composite	no	no	-	1/4	composite	Archival prosecution: CS-0477
archive-sa-0478	composite	no	no	-	1/4	composite	Archival prosecution: CS-0478
archive-et-0479	composite	no	no	-	1/4	composite	Archival prosecution: CS-0479
archive-us-0480	composite	no	no	-	1/4	composite	Unsolved matter: CS-0480
archive-us-0481	composite	no	no	-	2/6	composite	Archival prosecution: CS-0481
archive-us-0482	composite	no	no	-	2/7	composite	Archival prosecution: CS-0482
archive-us-0483	composite	no	no	-	3/7	composite	Archival prosecution: CS-0483
archive-us-0484	composite	no	no	-	1/4	composite	Archival prosecution: CS-0484
archive-gb-0485	composite	no	no	-	2/5	composite	Archival prosecution: CS-0485
archive-gb-0486	composite	no	no	-	1/4	composite	Archival prosecution: CS-0486
archive-gb-0487	composite	no	no	-	1/4	composite	Archival prosecution: CS-0487
archive-ca-0488	composite	no	no	-	1/4	composite	Archival prosecution: CS-0488
archive-ca-0489	composite	no	no	-	1/4	composite	Archival prosecution: CS-0489
archive-au-0490	composite	no	no	-	2/5	composite	Unsolved matter: CS-0490
archive-au-0491	composite	no	no	-	2/7	composite	Archival prosecution: CS-0491
archive-de-0492	composite	no	no	-	3/8	composite	Archival prosecution: CS-0492
archive-de-0493	composite	no	no	-	1/4	composite	Archival prosecution: CS-0493
archive-fr-0494	composite	no	no	-	2/5	composite	Archival prosecution: CS-0494
archive-fr-0495	composite	no	no	-	1/4	composite	Archival prosecution: CS-0495
archive-it-0496	composite	no	no	-	1/4	composite	Archival prosecution: CS-0496
archive-it-0497	composite	no	no	-	1/4	composite	Archival prosecution: CS-0497
archive-es-0498	composite	no	no	-	1/4	composite	Archival prosecution: CS-0498
archive-es-0499	composite	no	no	-	2/5	composite	Archival prosecution: CS-0499
archive-nl-0500	composite	no	no	-	2/6	composite	Unsolved matter: CS-0500
archive-be-0501	composite	no	no	-	3/8	composite	Archival prosecution: CS-0501
archive-se-0502	composite	no	no	-	1/5	composite	Archival prosecution: CS-0502
archive-no-0503	composite	no	no	-	2/5	composite	Archival prosecution: CS-0503
archive-pl-0504	composite	no	no	-	1/4	composite	Archival prosecution: CS-0504
archive-pl-0505	composite	no	no	-	1/4	composite	Archival prosecution: CS-0505
archive-ru-0506	composite	no	no	-	1/4	composite	Archival prosecution: CS-0506
archive-ru-0507	composite	no	no	-	1/4	composite	Archival prosecution: CS-0507
archive-ua-0508	composite	no	no	-	2/5	composite	Archival prosecution: CS-0508
archive-ua-0509	composite	no	no	-	2/6	composite	Archival prosecution: CS-0509
archive-jp-0510	composite	no	no	-	3/7	composite	Unsolved matter: CS-0510
archive-jp-0511	composite	no	no	-	1/5	composite	Archival prosecution: CS-0511
archive-cn-0512	composite	no	no	-	2/6	composite	Archival prosecution: CS-0512
archive-cn-0513	composite	no	no	-	1/4	composite	Archival prosecution: CS-0513
archive-in-0514	composite	no	no	-	1/4	composite	Archival prosecution: CS-0514
archive-in-0515	composite	no	no	-	1/4	composite	Archival prosecution: CS-0515
archive-br-0516	composite	no	no	-	1/4	composite	Archival prosecution: CS-0516
archive-br-0517	composite	no	no	-	2/5	composite	Archival prosecution: CS-0517
archive-mx-0518	composite	no	no	-	2/6	composite	Archival prosecution: CS-0518
archive-mx-0519	composite	no	no	-	3/7	composite	Archival prosecution: CS-0519
archive-ar-0520	composite	no	no	-	1/4	composite	Unsolved matter: CS-0520
archive-za-0521	composite	no	no	-	2/6	composite	Archival prosecution: CS-0521
archive-ng-0522	composite	no	no	-	1/5	composite	Archival prosecution: CS-0522
archive-ke-0523	composite	no	no	-	1/4	composite	Archival prosecution: CS-0523
archive-tr-0524	composite	no	no	-	1/4	composite	Archival prosecution: CS-0524
archive-gr-0525	composite	no	no	-	1/4	composite	Archival prosecution: CS-0525
archive-ro-0526	composite	no	no	-	2/5	composite	Archival prosecution: CS-0526
archive-cz-0527	composite	no	no	-	2/6	composite	Archival prosecution: CS-0527
archive-hu-0528	composite	no	no	-	3/7	composite	Archival prosecution: CS-0528
archive-at-0529	composite	no	no	-	1/4	composite	Archival prosecution: CS-0529
archive-ch-0530	composite	no	no	-	2/5	composite	Unsolved matter: CS-0530
archive-pt-0531	composite	no	no	-	1/5	composite	Archival prosecution: CS-0531
archive-ie-0532	composite	no	no	-	1/5	composite	Archival prosecution: CS-0532
archive-fi-0533	composite	no	no	-	1/4	composite	Archival prosecution: CS-0533
archive-dk-0534	composite	no	no	-	1/4	composite	Archival prosecution: CS-0534
archive-nz-0535	composite	no	no	-	2/5	composite	Archival prosecution: CS-0535
archive-kr-0536	composite	no	no	-	2/6	composite	Archival prosecution: CS-0536
archive-th-0537	composite	no	no	-	3/7	composite	Archival prosecution: CS-0537
archive-vn-0538	composite	no	no	-	1/4	composite	Archival prosecution: CS-0538
archive-ph-0539	composite	no	no	-	2/5	composite	Archival prosecution: CS-0539
archive-id-0540	composite	no	no	-	1/4	composite	Unsolved matter: CS-0540
archive-my-0541	composite	no	no	-	1/5	composite	Archival prosecution: CS-0541
archive-sg-0542	composite	no	no	-	1/5	composite	Archival prosecution: CS-0542
archive-pk-0543	composite	no	no	-	1/4	composite	Archival prosecution: CS-0543
archive-ir-0544	composite	no	no	-	2/5	composite	Archival prosecution: CS-0544
archive-iq-0545	composite	no	no	-	2/6	composite	Archival prosecution: CS-0545
archive-il-0546	composite	no	no	-	3/7	composite	Archival prosecution: CS-0546
archive-eg-0547	composite	no	no	-	1/4	composite	Archival prosecution: CS-0547
archive-cl-0548	composite	no	no	-	2/5	composite	Archival prosecution: CS-0548
archive-co-0549	composite	no	no	-	1/4	composite	Archival prosecution: CS-0549
archive-pe-0550	composite	no	no	-	1/4	composite	Unsolved matter: CS-0550
archive-bd-0551	composite	no	no	-	1/5	composite	Archival prosecution: CS-0551
archive-lv-0552	composite	no	no	-	1/5	composite	Archival prosecution: CS-0552
archive-sk-0553	composite	no	no	-	2/5	composite	Archival prosecution: CS-0553
archive-rs-0554	composite	no	no	-	2/6	composite	Archival prosecution: CS-0554
archive-bg-0555	composite	no	no	-	3/7	composite	Archival prosecution: CS-0555
archive-tw-0556	composite	no	no	-	1/4	composite	Archival prosecution: CS-0556
archive-uz-0557	composite	no	no	-	2/5	composite	Archival prosecution: CS-0557
archive-sa-0558	composite	no	no	-	1/4	composite	Archival prosecution: CS-0558
archive-et-0559	composite	no	no	-	1/4	composite	Archival prosecution: CS-0559
archive-us-0560	composite	no	no	-	1/4	composite	Unsolved matter: CS-0560
archive-us-0561	composite	no	no	-	1/5	composite	Archival prosecution: CS-0561
archive-us-0562	composite	no	no	-	2/6	composite	Archival prosecution: CS-0562
archive-us-0563	composite	no	no	-	2/6	composite	Archival prosecution: CS-0563
archive-us-0564	composite	no	no	-	3/7	composite	Archival prosecution: CS-0564
archive-gb-0565	composite	no	no	-	1/4	composite	Archival prosecution: CS-0565
archive-gb-0566	composite	no	no	-	2/5	composite	Archival prosecution: CS-0566
archive-gb-0567	composite	no	no	-	1/4	composite	Archival prosecution: CS-0567
archive-ca-0568	composite	no	no	-	1/4	composite	Archival prosecution: CS-0568
archive-ca-0569	composite	no	no	-	1/4	composite	Archival prosecution: CS-0569
archive-au-0570	composite	no	no	-	1/4	composite	Unsolved matter: CS-0570
archive-au-0571	composite	no	no	-	2/6	composite	Archival prosecution: CS-0571
archive-de-0572	composite	no	no	-	2/7	composite	Archival prosecution: CS-0572
archive-de-0573	composite	no	no	-	3/7	composite	Archival prosecution: CS-0573
archive-fr-0574	composite	no	no	-	1/4	composite	Archival prosecution: CS-0574
archive-fr-0575	composite	no	no	-	2/5	composite	Archival prosecution: CS-0575
archive-it-0576	composite	no	no	-	1/4	composite	Archival prosecution: CS-0576
archive-it-0577	composite	no	no	-	1/4	composite	Archival prosecution: CS-0577
archive-es-0578	composite	no	no	-	1/4	composite	Archival prosecution: CS-0578
archive-es-0579	composite	no	no	-	1/4	composite	Archival prosecution: CS-0579
archive-nl-0580	composite	no	no	-	2/5	composite	Unsolved matter: CS-0580
archive-be-0581	composite	no	no	-	2/7	composite	Archival prosecution: CS-0581
archive-se-0582	composite	no	no	-	3/8	composite	Archival prosecution: CS-0582
archive-no-0583	composite	no	no	-	1/4	composite	Archival prosecution: CS-0583
archive-pl-0584	composite	no	no	-	2/5	composite	Archival prosecution: CS-0584
archive-pl-0585	composite	no	no	-	1/4	composite	Archival prosecution: CS-0585
archive-ru-0586	composite	no	no	-	1/4	composite	Archival prosecution: CS-0586
archive-ru-0587	composite	no	no	-	1/4	composite	Archival prosecution: CS-0587
archive-ua-0588	composite	no	no	-	1/4	composite	Archival prosecution: CS-0588
archive-ua-0589	composite	no	no	-	2/5	composite	Archival prosecution: CS-0589
archive-jp-0590	composite	no	no	-	2/6	composite	Unsolved matter: CS-0590
archive-jp-0591	composite	no	no	-	3/8	composite	Archival prosecution: CS-0591
archive-cn-0592	composite	no	no	-	1/5	composite	Archival prosecution: CS-0592
archive-cn-0593	composite	no	no	-	2/5	composite	Archival prosecution: CS-0593
archive-in-0594	composite	no	no	-	1/4	composite	Archival prosecution: CS-0594
archive-in-0595	composite	no	no	-	1/4	composite	Archival prosecution: CS-0595
archive-br-0596	composite	no	no	-	1/4	composite	Archival prosecution: CS-0596
archive-br-0597	composite	no	no	-	1/4	composite	Archival prosecution: CS-0597
archive-mx-0598	composite	no	no	-	2/5	composite	Archival prosecution: CS-0598
archive-mx-0599	composite	no	no	-	2/6	composite	Archival prosecution: CS-0599
archive-ar-0600	composite	no	no	-	3/7	composite	Unsolved matter: CS-0600
archive-za-0601	composite	no	no	-	1/5	composite	Archival prosecution: CS-0601
archive-ng-0602	composite	no	no	-	2/6	composite	Archival prosecution: CS-0602
archive-ke-0603	composite	no	no	-	1/4	composite	Archival prosecution: CS-0603
archive-tr-0604	composite	no	no	-	1/4	composite	Archival prosecution: CS-0604
archive-gr-0605	composite	no	no	-	1/4	composite	Archival prosecution: CS-0605
archive-ro-0606	composite	no	no	-	1/4	composite	Archival prosecution: CS-0606
archive-cz-0607	composite	no	no	-	2/5	composite	Archival prosecution: CS-0607
archive-hu-0608	composite	no	no	-	2/6	composite	Archival prosecution: CS-0608
archive-at-0609	composite	no	no	-	3/7	composite	Archival prosecution: CS-0609
archive-ch-0610	composite	no	no	-	1/4	composite	Unsolved matter: CS-0610
archive-pt-0611	composite	no	no	-	2/6	composite	Archival prosecution: CS-0611
archive-ie-0612	composite	no	no	-	1/5	composite	Archival prosecution: CS-0612
archive-fi-0613	composite	no	no	-	1/4	composite	Archival prosecution: CS-0613
archive-dk-0614	composite	no	no	-	1/4	composite	Archival prosecution: CS-0614
archive-nz-0615	composite	no	no	-	1/4	composite	Archival prosecution: CS-0615
archive-kr-0616	composite	no	no	-	2/5	composite	Archival prosecution: CS-0616
archive-th-0617	composite	no	no	-	2/6	composite	Archival prosecution: CS-0617
archive-vn-0618	composite	no	no	-	3/7	composite	Archival prosecution: CS-0618
archive-ph-0619	composite	no	no	-	1/4	composite	Archival prosecution: CS-0619
archive-id-0620	composite	no	no	-	2/5	composite	Unsolved matter: CS-0620
archive-my-0621	composite	no	no	-	1/5	composite	Archival prosecution: CS-0621
archive-sg-0622	composite	no	no	-	1/5	composite	Archival prosecution: CS-0622
archive-pk-0623	composite	no	no	-	1/4	composite	Archival prosecution: CS-0623
archive-ir-0624	composite	no	no	-	1/4	composite	Archival prosecution: CS-0624
archive-iq-0625	composite	no	no	-	2/5	composite	Archival prosecution: CS-0625
archive-il-0626	composite	no	no	-	2/6	composite	Archival prosecution: CS-0626
archive-eg-0627	composite	no	no	-	3/7	composite	Archival prosecution: CS-0627
archive-cl-0628	composite	no	no	-	1/4	composite	Archival prosecution: CS-0628
archive-co-0629	composite	no	no	-	2/5	composite	Archival prosecution: CS-0629
archive-pe-0630	composite	no	no	-	1/4	composite	Unsolved matter: CS-0630
archive-bd-0631	composite	no	no	-	1/5	composite	Archival prosecution: CS-0631
archive-lv-0632	composite	no	no	-	1/5	composite	Archival prosecution: CS-0632
archive-sk-0633	composite	no	no	-	1/4	composite	Archival prosecution: CS-0633
archive-rs-0634	composite	no	no	-	2/5	composite	Archival prosecution: CS-0634
archive-bg-0635	composite	no	no	-	2/6	composite	Archival prosecution: CS-0635
archive-tw-0636	composite	no	no	-	3/7	composite	Archival prosecution: CS-0636
archive-uz-0637	composite	no	no	-	1/4	composite	Archival prosecution: CS-0637
archive-sa-0638	composite	no	no	-	2/5	composite	Archival prosecution: CS-0638
archive-et-0639	composite	no	no	-	1/4	composite	Archival prosecution: CS-0639
archive-us-0640	composite	no	no	-	1/4	composite	Unsolved matter: CS-0640
archive-us-0641	composite	no	no	-	1/5	composite	Archival prosecution: CS-0641
archive-us-0642	composite	no	no	-	1/5	composite	Archival prosecution: CS-0642
archive-us-0643	composite	no	no	-	2/5	composite	Archival prosecution: CS-0643
archive-us-0644	composite	no	no	-	2/6	composite	Archival prosecution: CS-0644
archive-gb-0645	composite	no	no	-	3/7	composite	Archival prosecution: CS-0645
archive-gb-0646	composite	no	no	-	1/4	composite	Archival prosecution: CS-0646
archive-gb-0647	composite	no	no	-	2/5	composite	Archival prosecution: CS-0647
archive-ca-0648	composite	no	no	-	1/4	composite	Archival prosecution: CS-0648
archive-ca-0649	composite	no	no	-	1/4	composite	Archival prosecution: CS-0649
archive-au-0650	composite	no	no	-	1/4	composite	Unsolved matter: CS-0650
archive-au-0651	composite	no	no	-	1/5	composite	Archival prosecution: CS-0651
archive-de-0652	composite	no	no	-	2/6	composite	Archival prosecution: CS-0652
archive-de-0653	composite	no	no	-	2/6	composite	Archival prosecution: CS-0653
archive-fr-0654	composite	no	no	-	3/7	composite	Archival prosecution: CS-0654
archive-fr-0655	composite	no	no	-	1/4	composite	Archival prosecution: CS-0655
archive-it-0656	composite	no	no	-	2/5	composite	Archival prosecution: CS-0656
archive-it-0657	composite	no	no	-	1/4	composite	Archival prosecution: CS-0657
archive-es-0658	composite	no	no	-	1/4	composite	Archival prosecution: CS-0658
archive-es-0659	composite	no	no	-	1/4	composite	Archival prosecution: CS-0659
archive-nl-0660	composite	no	no	-	1/4	composite	Unsolved matter: CS-0660
archive-be-0661	composite	no	no	-	2/6	composite	Archival prosecution: CS-0661
archive-se-0662	composite	no	no	-	2/7	composite	Archival prosecution: CS-0662
archive-no-0663	composite	no	no	-	3/7	composite	Archival prosecution: CS-0663
archive-pl-0664	composite	no	no	-	1/4	composite	Archival prosecution: CS-0664
archive-pl-0665	composite	no	no	-	2/5	composite	Archival prosecution: CS-0665
archive-ru-0666	composite	no	no	-	1/4	composite	Archival prosecution: CS-0666
archive-ru-0667	composite	no	no	-	1/4	composite	Archival prosecution: CS-0667
archive-ua-0668	composite	no	no	-	1/4	composite	Archival prosecution: CS-0668
archive-ua-0669	composite	no	no	-	1/4	composite	Archival prosecution: CS-0669
archive-jp-0670	composite	no	no	-	2/5	composite	Unsolved matter: CS-0670
archive-jp-0671	composite	no	no	-	2/7	composite	Archival prosecution: CS-0671
archive-cn-0672	composite	no	no	-	3/8	composite	Archival prosecution: CS-0672
archive-cn-0673	composite	no	no	-	1/4	composite	Archival prosecution: CS-0673
archive-in-0674	composite	no	no	-	2/5	composite	Archival prosecution: CS-0674
archive-in-0675	composite	no	no	-	1/4	composite	Archival prosecution: CS-0675
archive-br-0676	composite	no	no	-	1/4	composite	Archival prosecution: CS-0676
archive-br-0677	composite	no	no	-	1/4	composite	Archival prosecution: CS-0677
archive-mx-0678	composite	no	no	-	1/4	composite	Archival prosecution: CS-0678
archive-mx-0679	composite	no	no	-	2/5	composite	Archival prosecution: CS-0679
archive-ar-0680	composite	no	no	-	2/6	composite	Unsolved matter: CS-0680
archive-za-0681	composite	no	no	-	3/8	composite	Archival prosecution: CS-0681
archive-ng-0682	composite	no	no	-	1/5	composite	Archival prosecution: CS-0682
archive-ke-0683	composite	no	no	-	2/5	composite	Archival prosecution: CS-0683
archive-tr-0684	composite	no	no	-	1/4	composite	Archival prosecution: CS-0684
archive-gr-0685	composite	no	no	-	1/4	composite	Archival prosecution: CS-0685
archive-ro-0686	composite	no	no	-	1/4	composite	Archival prosecution: CS-0686
archive-cz-0687	composite	no	no	-	1/4	composite	Archival prosecution: CS-0687
archive-hu-0688	composite	no	no	-	2/5	composite	Archival prosecution: CS-0688
archive-at-0689	composite	no	no	-	2/6	composite	Archival prosecution: CS-0689
archive-ch-0690	composite	no	no	-	3/7	composite	Unsolved matter: CS-0690
archive-pt-0691	composite	no	no	-	1/5	composite	Archival prosecution: CS-0691
archive-ie-0692	composite	no	no	-	2/6	composite	Archival prosecution: CS-0692
archive-fi-0693	composite	no	no	-	1/4	composite	Archival prosecution: CS-0693
archive-dk-0694	composite	no	no	-	1/4	composite	Archival prosecution: CS-0694
archive-nz-0695	composite	no	no	-	1/4	composite	Archival prosecution: CS-0695
archive-kr-0696	composite	no	no	-	1/4	composite	Archival prosecution: CS-0696
archive-th-0697	composite	no	no	-	2/5	composite	Archival prosecution: CS-0697
archive-vn-0698	composite	no	no	-	2/6	composite	Archival prosecution: CS-0698
archive-ph-0699	composite	no	no	-	3/7	composite	Archival prosecution: CS-0699
archive-id-0700	composite	no	no	-	1/4	composite	Unsolved matter: CS-0700
archive-my-0701	composite	no	no	-	2/6	composite	Archival prosecution: CS-0701
archive-sg-0702	composite	no	no	-	1/5	composite	Archival prosecution: CS-0702
archive-pk-0703	composite	no	no	-	1/4	composite	Archival prosecution: CS-0703
archive-ir-0704	composite	no	no	-	1/4	composite	Archival prosecution: CS-0704
archive-iq-0705	composite	no	no	-	1/4	composite	Archival prosecution: CS-0705
archive-il-0706	composite	no	no	-	2/5	composite	Archival prosecution: CS-0706
archive-eg-0707	composite	no	no	-	2/6	composite	Archival prosecution: CS-0707
archive-cl-0708	composite	no	no	-	3/7	composite	Archival prosecution: CS-0708
archive-co-0709	composite	no	no	-	1/4	composite	Archival prosecution: CS-0709
archive-pe-0710	composite	no	no	-	2/5	composite	Unsolved matter: CS-0710
archive-bd-0711	composite	no	no	-	1/5	composite	Archival prosecution: CS-0711
archive-lv-0712	composite	no	no	-	1/5	composite	Archival prosecution: CS-0712
archive-sk-0713	composite	no	no	-	1/4	composite	Archival prosecution: CS-0713
archive-rs-0714	composite	no	no	-	1/4	composite	Archival prosecution: CS-0714
archive-bg-0715	composite	no	no	-	2/5	composite	Archival prosecution: CS-0715
archive-tw-0716	composite	no	no	-	2/6	composite	Archival prosecution: CS-0716
archive-uz-0717	composite	no	no	-	3/7	composite	Archival prosecution: CS-0717
archive-sa-0718	composite	no	no	-	1/4	composite	Archival prosecution: CS-0718
archive-et-0719	composite	no	no	-	2/5	composite	Archival prosecution: CS-0719
archive-us-0720	composite	no	no	-	1/4	composite	Unsolved matter: CS-0720
archive-us-0721	composite	no	no	-	1/5	composite	Archival prosecution: CS-0721
archive-us-0722	composite	no	no	-	1/5	composite	Archival prosecution: CS-0722
archive-us-0723	composite	no	no	-	1/4	composite	Archival prosecution: CS-0723
archive-us-0724	composite	no	no	-	2/5	composite	Archival prosecution: CS-0724
archive-gb-0725	composite	no	no	-	2/6	composite	Archival prosecution: CS-0725
archive-gb-0726	composite	no	no	-	3/7	composite	Archival prosecution: CS-0726
archive-gb-0727	composite	no	no	-	1/4	composite	Archival prosecution: CS-0727
archive-ca-0728	composite	no	no	-	2/5	composite	Archival prosecution: CS-0728
archive-ca-0729	composite	no	no	-	1/4	composite	Archival prosecution: CS-0729
archive-au-0730	composite	no	no	-	1/4	composite	Unsolved matter: CS-0730
archive-au-0731	composite	no	no	-	1/5	composite	Archival prosecution: CS-0731
archive-de-0732	composite	no	no	-	1/5	composite	Archival prosecution: CS-0732
archive-de-0733	composite	no	no	-	2/5	composite	Archival prosecution: CS-0733
archive-fr-0734	composite	no	no	-	2/6	composite	Archival prosecution: CS-0734
archive-fr-0735	composite	no	no	-	3/7	composite	Archival prosecution: CS-0735
archive-it-0736	composite	no	no	-	1/4	composite	Archival prosecution: CS-0736
archive-it-0737	composite	no	no	-	2/5	composite	Archival prosecution: CS-0737
archive-es-0738	composite	no	no	-	1/4	composite	Archival prosecution: CS-0738
archive-es-0739	composite	no	no	-	1/4	composite	Archival prosecution: CS-0739
archive-nl-0740	composite	no	no	-	1/4	composite	Unsolved matter: CS-0740
archive-be-0741	composite	no	no	-	1/5	composite	Archival prosecution: CS-0741
archive-se-0742	composite	no	no	-	2/6	composite	Archival prosecution: CS-0742
archive-no-0743	composite	no	no	-	2/6	composite	Archival prosecution: CS-0743
archive-pl-0744	composite	no	no	-	3/7	composite	Archival prosecution: CS-0744
archive-pl-0745	composite	no	no	-	1/4	composite	Archival prosecution: CS-0745
archive-ru-0746	composite	no	no	-	2/5	composite	Archival prosecution: CS-0746
archive-ru-0747	composite	no	no	-	1/4	composite	Archival prosecution: CS-0747
archive-ua-0748	composite	no	no	-	1/4	composite	Archival prosecution: CS-0748
archive-ua-0749	composite	no	no	-	1/4	composite	Archival prosecution: CS-0749
archive-jp-0750	composite	no	no	-	1/4	composite	Unsolved matter: CS-0750
archive-jp-0751	composite	no	no	-	2/6	composite	Archival prosecution: CS-0751
archive-cn-0752	composite	no	no	-	2/7	composite	Archival prosecution: CS-0752
archive-cn-0753	composite	no	no	-	3/7	composite	Archival prosecution: CS-0753
archive-in-0754	composite	no	no	-	1/4	composite	Archival prosecution: CS-0754
archive-in-0755	composite	no	no	-	2/5	composite	Archival prosecution: CS-0755
archive-br-0756	composite	no	no	-	1/4	composite	Archival prosecution: CS-0756
archive-br-0757	composite	no	no	-	1/4	composite	Archival prosecution: CS-0757
archive-mx-0758	composite	no	no	-	1/4	composite	Archival prosecution: CS-0758
archive-mx-0759	composite	no	no	-	1/4	composite	Archival prosecution: CS-0759
archive-ar-0760	composite	no	no	-	2/5	composite	Unsolved matter: CS-0760
archive-za-0761	composite	no	no	-	2/7	composite	Archival prosecution: CS-0761
archive-ng-0762	composite	no	no	-	3/8	composite	Archival prosecution: CS-0762
archive-ke-0763	composite	no	no	-	1/4	composite	Archival prosecution: CS-0763
archive-tr-0764	composite	no	no	-	2/5	composite	Archival prosecution: CS-0764
archive-gr-0765	composite	no	no	-	1/4	composite	Archival prosecution: CS-0765
archive-ro-0766	composite	no	no	-	1/4	composite	Archival prosecution: CS-0766
archive-cz-0767	composite	no	no	-	1/4	composite	Archival prosecution: CS-0767
archive-hu-0768	composite	no	no	-	1/4	composite	Archival prosecution: CS-0768
archive-at-0769	composite	no	no	-	2/5	composite	Archival prosecution: CS-0769
archive-ch-0770	composite	no	no	-	2/6	composite	Unsolved matter: CS-0770
archive-pt-0771	composite	no	no	-	3/8	composite	Archival prosecution: CS-0771
archive-ie-0772	composite	no	no	-	1/5	composite	Archival prosecution: CS-0772
archive-fi-0773	composite	no	no	-	2/5	composite	Archival prosecution: CS-0773
archive-dk-0774	composite	no	no	-	1/4	composite	Archival prosecution: CS-0774
archive-nz-0775	composite	no	no	-	1/4	composite	Archival prosecution: CS-0775
archive-kr-0776	composite	no	no	-	1/4	composite	Archival prosecution: CS-0776
archive-th-0777	composite	no	no	-	1/4	composite	Archival prosecution: CS-0777
archive-vn-0778	composite	no	no	-	2/5	composite	Archival prosecution: CS-0778
archive-ph-0779	composite	no	no	-	2/6	composite	Archival prosecution: CS-0779
archive-id-0780	composite	no	no	-	3/7	composite	Unsolved matter: CS-0780
archive-my-0781	composite	no	no	-	1/5	composite	Archival prosecution: CS-0781
archive-sg-0782	composite	no	no	-	2/6	composite	Archival prosecution: CS-0782
archive-pk-0783	composite	no	no	-	1/4	composite	Archival prosecution: CS-0783
archive-ir-0784	composite	no	no	-	1/4	composite	Archival prosecution: CS-0784
archive-iq-0785	composite	no	no	-	1/4	composite	Archival prosecution: CS-0785
archive-il-0786	composite	no	no	-	1/4	composite	Archival prosecution: CS-0786
archive-eg-0787	composite	no	no	-	2/5	composite	Archival prosecution: CS-0787
archive-cl-0788	composite	no	no	-	2/6	composite	Archival prosecution: CS-0788
archive-co-0789	composite	no	no	-	3/7	composite	Archival prosecution: CS-0789
archive-pe-0790	composite	no	no	-	1/4	composite	Unsolved matter: CS-0790
archive-bd-0791	composite	no	no	-	2/6	composite	Archival prosecution: CS-0791
archive-lv-0792	composite	no	no	-	1/5	composite	Archival prosecution: CS-0792
archive-sk-0793	composite	no	no	-	1/4	composite	Archival prosecution: CS-0793
archive-rs-0794	composite	no	no	-	1/4	composite	Archival prosecution: CS-0794
archive-bg-0795	composite	no	no	-	1/4	composite	Archival prosecution: CS-0795
archive-tw-0796	composite	no	no	-	2/5	composite	Archival prosecution: CS-0796
archive-uz-0797	composite	no	no	-	2/6	composite	Archival prosecution: CS-0797
archive-sa-0798	composite	no	no	-	3/7	composite	Archival prosecution: CS-0798
archive-et-0799	composite	no	no	-	1/4	composite	Archival prosecution: CS-0799
archive-us-0800	composite	no	no	-	2/5	composite	Unsolved matter: CS-0800
archive-us-0801	composite	no	no	-	1/5	composite	Archival prosecution: CS-0801
archive-us-0802	composite	no	no	-	1/5	composite	Archival prosecution: CS-0802
archive-us-0803	composite	no	no	-	1/4	composite	Archival prosecution: CS-0803
archive-us-0804	composite	no	no	-	1/4	composite	Archival prosecution: CS-0804
archive-gb-0805	composite	no	no	-	2/5	composite	Archival prosecution: CS-0805
archive-gb-0806	composite	no	no	-	2/6	composite	Archival prosecution: CS-0806
archive-gb-0807	composite	no	no	-	3/7	composite	Archival prosecution: CS-0807
archive-ca-0808	composite	no	no	-	1/4	composite	Archival prosecution: CS-0808
archive-ca-0809	composite	no	no	-	2/5	composite	Archival prosecution: CS-0809
archive-au-0810	composite	no	no	-	1/4	composite	Unsolved matter: CS-0810
archive-au-0811	composite	no	no	-	1/5	composite	Archival prosecution: CS-0811
archive-de-0812	composite	no	no	-	1/5	composite	Archival prosecution: CS-0812
archive-de-0813	composite	no	no	-	1/4	composite	Archival prosecution: CS-0813
archive-fr-0814	composite	no	no	-	2/5	composite	Archival prosecution: CS-0814
archive-fr-0815	composite	no	no	-	2/6	composite	Archival prosecution: CS-0815
archive-it-0816	composite	no	no	-	3/7	composite	Archival prosecution: CS-0816
archive-it-0817	composite	no	no	-	1/4	composite	Archival prosecution: CS-0817
archive-es-0818	composite	no	no	-	2/5	composite	Archival prosecution: CS-0818
archive-es-0819	composite	no	no	-	1/4	composite	Archival prosecution: CS-0819
archive-nl-0820	composite	no	no	-	1/4	composite	Unsolved matter: CS-0820
archive-be-0821	composite	no	no	-	1/5	composite	Archival prosecution: CS-0821
archive-se-0822	composite	no	no	-	1/5	composite	Archival prosecution: CS-0822
archive-no-0823	composite	no	no	-	2/5	composite	Archival prosecution: CS-0823
archive-pl-0824	composite	no	no	-	2/6	composite	Archival prosecution: CS-0824
archive-pl-0825	composite	no	no	-	3/7	composite	Archival prosecution: CS-0825
archive-ru-0826	composite	no	no	-	1/4	composite	Archival prosecution: CS-0826
archive-ru-0827	composite	no	no	-	2/5	composite	Archival prosecution: CS-0827
archive-ua-0828	composite	no	no	-	1/4	composite	Archival prosecution: CS-0828
archive-ua-0829	composite	no	no	-	1/4	composite	Archival prosecution: CS-0829
archive-jp-0830	composite	no	no	-	1/4	composite	Unsolved matter: CS-0830
archive-jp-0831	composite	no	no	-	1/5	composite	Archival prosecution: CS-0831
archive-cn-0832	composite	no	no	-	2/6	composite	Archival prosecution: CS-0832
archive-cn-0833	composite	no	no	-	2/6	composite	Archival prosecution: CS-0833
archive-in-0834	composite	no	no	-	3/7	composite	Archival prosecution: CS-0834
archive-in-0835	composite	no	no	-	1/4	composite	Archival prosecution: CS-0835
archive-br-0836	composite	no	no	-	2/5	composite	Archival prosecution: CS-0836
archive-br-0837	composite	no	no	-	1/4	composite	Archival prosecution: CS-0837
archive-mx-0838	composite	no	no	-	1/4	composite	Archival prosecution: CS-0838
archive-mx-0839	composite	no	no	-	1/4	composite	Archival prosecution: CS-0839
archive-ar-0840	composite	no	no	-	1/4	composite	Unsolved matter: CS-0840
archive-za-0841	composite	no	no	-	2/6	composite	Archival prosecution: CS-0841
archive-ng-0842	composite	no	no	-	2/7	composite	Archival prosecution: CS-0842
archive-ke-0843	composite	no	no	-	3/7	composite	Archival prosecution: CS-0843
archive-tr-0844	composite	no	no	-	1/4	composite	Archival prosecution: CS-0844
archive-gr-0845	composite	no	no	-	2/5	composite	Archival prosecution: CS-0845
archive-ro-0846	composite	no	no	-	1/4	composite	Archival prosecution: CS-0846
archive-cz-0847	composite	no	no	-	1/4	composite	Archival prosecution: CS-0847
archive-hu-0848	composite	no	no	-	1/4	composite	Archival prosecution: CS-0848
archive-at-0849	composite	no	no	-	1/4	composite	Archival prosecution: CS-0849
archive-ch-0850	composite	no	no	-	2/5	composite	Unsolved matter: CS-0850
archive-pt-0851	composite	no	no	-	2/7	composite	Archival prosecution: CS-0851
archive-ie-0852	composite	no	no	-	3/8	composite	Archival prosecution: CS-0852
archive-fi-0853	composite	no	no	-	1/4	composite	Archival prosecution: CS-0853
archive-dk-0854	composite	no	no	-	2/5	composite	Archival prosecution: CS-0854
archive-nz-0855	composite	no	no	-	1/4	composite	Archival prosecution: CS-0855
archive-kr-0856	composite	no	no	-	1/4	composite	Archival prosecution: CS-0856
archive-th-0857	composite	no	no	-	1/4	composite	Archival prosecution: CS-0857
archive-vn-0858	composite	no	no	-	1/4	composite	Archival prosecution: CS-0858
archive-ph-0859	composite	no	no	-	2/5	composite	Archival prosecution: CS-0859
archive-id-0860	composite	no	no	-	2/6	composite	Unsolved matter: CS-0860
archive-my-0861	composite	no	no	-	3/8	composite	Archival prosecution: CS-0861
archive-sg-0862	composite	no	no	-	1/5	composite	Archival prosecution: CS-0862
archive-pk-0863	composite	no	no	-	2/5	composite	Archival prosecution: CS-0863
archive-ir-0864	composite	no	no	-	1/4	composite	Archival prosecution: CS-0864
archive-iq-0865	composite	no	no	-	1/4	composite	Archival prosecution: CS-0865
archive-il-0866	composite	no	no	-	1/4	composite	Archival prosecution: CS-0866
archive-eg-0867	composite	no	no	-	1/4	composite	Archival prosecution: CS-0867
archive-cl-0868	composite	no	no	-	2/5	composite	Archival prosecution: CS-0868
archive-co-0869	composite	no	no	-	2/6	composite	Archival prosecution: CS-0869
archive-pe-0870	composite	no	no	-	3/7	composite	Unsolved matter: CS-0870
archive-bd-0871	composite	no	no	-	1/5	composite	Archival prosecution: CS-0871
archive-lv-0872	composite	no	no	-	2/6	composite	Archival prosecution: CS-0872
archive-sk-0873	composite	no	no	-	1/4	composite	Archival prosecution: CS-0873
archive-rs-0874	composite	no	no	-	1/4	composite	Archival prosecution: CS-0874
archive-bg-0875	composite	no	no	-	1/4	composite	Archival prosecution: CS-0875
archive-tw-0876	composite	no	no	-	1/4	composite	Archival prosecution: CS-0876
archive-uz-0877	composite	no	no	-	2/5	composite	Archival prosecution: CS-0877
archive-sa-0878	composite	no	no	-	2/6	composite	Archival prosecution: CS-0878
archive-et-0879	composite	no	no	-	3/7	composite	Archival prosecution: CS-0879
alexander-pichushkin	verified	yes	yes	-	4/8	curated	Alexander Pichushkin
gao-chengyong	verified	yes	yes	-	4/8	curated	Gao Chengyong
niels-hoegel	verified	yes	yes	-	5/9	curated	Niels Högel
henri-landru	verified	yes	yes	-	4/9	curated	Henri Désiré Landru
auto-shankar	verified	yes	yes	-	4/8	curated	Auto Shankar
karol-kot	verified	yes	yes	override	2/2	curated	Karol Kot
john-ausonius	verified	yes	yes	-	4/8	curated	John Ausonius
akira-nishiguchi	verified	yes	yes	-	4/9	curated	Akira Nishiguchi
donato-bilancia	verified	yes	yes	-	4/8	curated	Donato Bilancia
alcasser-girls	verified	yes	yes	-	2/5	curated	Alcàsser case
anatoly-onoprienko	verified	yes	yes	-	4/8	curated	Anatoly Onoprienko
mikhail-popkov	verified	yes	yes	-	4/8	curated	Mikhail Popkov
ahmad-suradji	verified	yes	yes	-	4/8	curated	Ahmad Suradji
tiago-henrique-rocha	verified	yes	yes	-	4/8	curated	Tiago Henrique Gomes da Rocha
armin-meiwes	verified	yes	yes	-	2/5	curated	Armin Meiwes
pedro-lopez-colombia	verified	yes	yes	-	4/8	curated	Pedro López (Andes)
javed-iqbal-urdu	verified	yes	yes	-	4/8	curated	Javed Iqbal (Lahore)
kaspars-petrovs	verified	yes	yes	-	4/8	curated	Kaspars Petrovs
umesh-reddy	verified	yes	yes	-	4/8	curated	Umesh Reddy
mamoru-takuma	verified	yes	yes	-	3/7	curated	Mamoru Takuma
richard-klinkhamer	verified	yes	yes	-	2/5	curated	Richard Klinkhamer
louay-al-taei	verified	yes	yes	override	4/4	curated	Louay Omar Mohammed al-Taei
kang-ho-sun	verified	yes	yes	-	4/8	curated	Kang Ho-sun
somkid-pumpuang	verified	yes	yes	override	2/2	curated	Somkid Pumpuang
juha-valjakkala	verified	yes	yes	-	3/7	curated	Juha Valjakkala
arnfinn-nesset	verified	yes	yes	-	5/9	curated	Arnfinn Nesset
andras-pandy	verified	yes	yes	override	2/2	curated	András Pándy
romulus-veres	verified	yes	yes	override	2/2	curated	Romulus Vereș
ozgur-dengiz	verified	yes	yes	-	4/8	curated	Özgür Dengiz
juraj-krajcik	verified	yes	yes	-	4/8	curated	Juraj Krajčík
vlado-taneski	verified	yes	yes	-	4/8	curated	Vlado Taneski
petr-zelenka	verified	yes	yes	-	5/9	curated	Petr Zelenka
ershad-sikder	verified	yes	yes	-	4/8	curated	Ershad Sikder
saeed-hanaei-esfahan	verified	yes	yes	-	4/8	curated	Saeed Hanaei
le-van-luyen	verified	yes	yes	override	2/2	curated	Lê Văn Luyện
antonis-daglis	verified	yes	yes	override	2/2	curated	Antonis Daglis
yishai-schlissel-he	verified	yes	yes	-	4/8	curated	Yishai Schlissel
josef-fritzl	verified	yes	yes	override	3/3	curated	Josef Fritzl
contemporary-draft-example	draft	no	no	-	0/0	curated	Contemporary draft stub
